{"baseline": {"train_loss": [1.6767892984178332, 1.361799607594808, 1.215689657359653, 1.1393822040981716, 1.0829845440652635, 1.045987762620714, 1.0272912234518263, 1.0119439456515842, 0.986360515944163, 0.9722270874023438, 0.9637253824445936, 0.9588329864607917, 0.9411074533250596, 0.9417925309075249, 0.9357508962313335, 0.9268055683347914, 0.9214400212923686, 0.9120010773552789, 0.9164497627470228, 0.9127049211502075, 0.9125345667415196, 0.9048441978242662, 0.9041553110546536, 0.8933960408952502, 0.8877876251856486, 0.8913008913993835, 0.8876577258639865, 0.8889294161796569, 0.8831827617327372, 0.8860105233192443, 0.7432794363127815, 0.7067953587849934, 0.6905317872365315, 0.6775108807669745, 0.6694888403362698, 0.6647227937274509, 0.6559350044038561, 0.6579818444887797, 0.6490618948088752, 0.6463413511329227, 0.6449413633664449, 0.6390711771806081, 0.6363996067682902, 0.6366084143002828, 0.634548779296875, 0.6322438132815891, 0.6280805043962266, 0.6289699763086107, 0.625547777832879, 0.6234900077078077], "train_acc": [0.3562444444444444, 0.5041111111111111, 0.5682, 0.5967111111111111, 0.6162666666666666, 0.633, 0.6406, 0.6506666666666666, 0.6571333333333333, 0.6641111111111111, 0.6695777777777778, 0.6725333333333333, 0.6784, 0.6793111111111111, 0.6785333333333333, 0.6839333333333333, 0.6873333333333334, 0.6918888888888889, 0.6858666666666666, 0.6900222222222222, 0.6911555555555555, 0.6945111111111111, 0.6927555555555556, 0.6943555555555555, 0.6998, 0.6986222222222223, 0.6979555555555556, 0.6999555555555556, 0.7027111111111111, 0.6979333333333333, 0.7494, 0.7618444444444444, 0.7681333333333333, 0.7727111111111111, 0.7748666666666667, 0.7767111111111111, 0.7784, 0.7791333333333333, 0.7835555555555556, 0.7841111111111111, 0.7826, 0.7842, 0.7846666666666666, 0.7879555555555555, 0.7858888888888889, 0.7884888888888889, 0.7901111111111111, 0.7896, 0.7896, 0.7915555555555556], "train_top5_acc": [0.8799111111111111, 0.9350888888888889, 0.947, 0.9549111111111112, 0.9606, 0.9627111111111111, 0.9624666666666667, 0.9647555555555556, 0.9651111111111111, 0.9674, 0.9684222222222222, 0.9668666666666667, 0.9688666666666667, 0.9677333333333333, 0.9685111111111111, 0.9690444444444445, 0.9679333333333333, 0.9702222222222222, 0.9707555555555556, 0.9697555555555556, 0.9690222222222222, 0.9688666666666667, 0.9705555555555555, 0.9710888888888889, 0.9716444444444444, 0.9709777777777778, 0.9704666666666667, 0.9713333333333334, 0.9732666666666666, 0.9702444444444445, 0.9798666666666667, 0.9817111111111111, 0.9830444444444445, 0.9828444444444444, 0.9830444444444445, 0.9835111111111111, 0.9844666666666667, 0.9850444444444444, 0.9844888888888889, 0.9846888888888888, 0.9844222222222222, 0.9851777777777778, 0.9858222222222223, 0.9848444444444444, 0.9854, 0.9850222222222222, 0.9856444444444444, 0.9850666666666666, 0.9866444444444444, 0.9861555555555556], "val_loss": [2.7483405292510987, 1.4227413497924806, 1.244120813369751, 1.1602064727783203, 1.1797406299591064, 1.1850930195808411, 1.2253913539886474, 1.1448892015457153, 1.0071233798980712, 1.1314291591644288, 0.9650443914413452, 1.1747359247207643, 1.0386635982513428, 1.070147196483612, 1.0435247150421143, 0.9570141277313232, 0.9559515349388122, 0.9141734342575073, 0.9336423393249512, 0.9264369518280029, 0.9127190946578979, 1.0701322284698487, 0.9790229608535767, 1.0015938559532165, 1.1177575162887574, 1.0833269954681397, 1.0210586395740509, 0.977208365058899, 0.9030944262504578, 0.9923581405639649, 0.6813360333442688, 0.6813319687604904, 0.6637955829620361, 0.651192439031601, 0.6665479075431824, 0.6472725183010102, 0.6382548751115799, 0.6473282726287842, 0.6490520612716675, 0.623863327884674, 0.6429815146207809, 0.6325437267541886, 0.6276360119819641, 0.640940709400177, 0.6129921232700348, 0.6418714454650879, 0.612194678926468, 0.6370164953708649, 0.6283049127578736, 0.5978139142513275], "val_acc": [0.2524, 0.4944, 0.549, 0.5958, 0.5884, 0.5862, 0.5872, 0.5942, 0.6442, 0.5986, 0.6628, 0.5972, 0.6284, 0.6298, 0.6424, 0.6622, 0.6708, 0.6726, 0.6692, 0.6784, 0.6798, 0.6364, 0.6534, 0.6528, 0.6378, 0.6336, 0.651, 0.6618, 0.68, 0.6574, 0.764, 0.7652, 0.7654, 0.7726, 0.763, 0.7732, 0.7818, 0.7782, 0.7774, 0.783, 0.7732, 0.7812, 0.7764, 0.7774, 0.7842, 0.7724, 0.788, 0.781, 0.7864, 0.7912], "val_top5_acc": [0.7936, 0.9342, 0.9428, 0.9398, 0.9388, 0.9556, 0.9332, 0.953, 0.9602, 0.9568, 0.9658, 0.9544, 0.9578, 0.9552, 0.9686, 0.9704, 0.9696, 0.9742, 0.9736, 0.971, 0.9754, 0.9586, 0.9718, 0.969, 0.9438, 0.954, 0.9574, 0.9722, 0.9722, 0.9644, 0.984, 0.9822, 0.9858, 0.9848, 0.9868, 0.9854, 0.987, 0.9862, 0.9832, 0.9846, 0.9862, 0.9886, 0.9884, 0.9854, 0.9886, 0.987, 0.9862, 0.9884, 0.9866, 0.9872], "learning_rate": [0.01, 0.01, 0.01, 0.01, 0.01, 0.01, 0.01, 0.01, 0.01, 0.01, 0.01, 0.01, 0.01, 0.01, 0.01, 0.01, 0.01, 0.01, 0.01, 0.01, 0.01, 0.01, 0.01, 0.01, 0.01, 0.01, 0.01, 0.01, 0.01, 0.001, 0.001, 0.001, 0.001, 0.001, 0.001, 0.001, 0.001, 0.001, 0.001, 0.001, 0.001, 0.001, 0.001, 0.001, 0.001, 0.001, 0.001, 0.001, 0.001, 0.001]}, "se": {"train_loss": [1.6846180813259548, 1.3395941425323485, 1.198515586672889, 1.1353538283877902, 1.1013410594092474, 1.0642284109963311, 1.0454977975633408, 1.0298234181616042, 1.0104070104810927, 0.9902788829803467, 0.9841549544970194, 0.9697299844317966, 0.9571671568340725, 0.9621267685784234, 0.945964964750078, 0.9222172479099697, 0.9244221786816915, 0.9167784191449483, 0.9157745613733927, 0.9083495274543762, 0.9018089817259046, 0.9115786289532979, 0.8998336894777086, 0.9017244099722969, 0.9015409278233846, 0.8884237597889371, 0.8948808589935303, 0.8875729858822293, 0.8855837126413981, 0.88412973218494, 0.7486732515547011, 0.7090878383000692, 0.6955992922253079, 0.6851819296942817, 0.6778904784096612, 0.6662077773941888, 0.665311087597741, 0.6594495303577846, 0.6581444032033285, 0.6569827626334296, 0.6535099395434062, 0.6491894327799479, 0.6510865690284305, 0.6437075081931221, 0.6450374256557888, 0.6388758417341445, 0.6392489278422462, 0.6301905971315171, 0.6361564254760742, 0.6290507885191176], "train_acc": [0.3446222222222222, 0.5080222222222223, 0.5719555555555556, 0.5970222222222222, 0.6122222222222222, 0.6271111111111111, 0.6295555555555555, 0.6401555555555556, 0.6467333333333334, 0.6565333333333333, 0.6570222222222222, 0.6678666666666667, 0.6693333333333333, 0.6695111111111111, 0.6745111111111111, 0.6863777777777778, 0.6853777777777778, 0.6871777777777778, 0.6889555555555555, 0.6914444444444444, 0.6939333333333333, 0.6915333333333333, 0.6968, 0.6962666666666667, 0.6946, 0.6978888888888889, 0.6956, 0.6982666666666667, 0.6992666666666667, 0.7013111111111111, 0.7463555555555555, 0.7611777777777777, 0.7648666666666667, 0.7694666666666666, 0.7723777777777778, 0.7772, 0.7772, 0.7751777777777777, 0.7773333333333333, 0.7790444444444444, 0.7804222222222222, 0.7810888888888889, 0.7805555555555556, 0.7827555555555555, 0.7828888888888889, 0.7841777777777778, 0.7832666666666667, 0.7869777777777778, 0.7871333333333334, 0.7869555555555555], "train_top5_acc": [0.8793777777777778, 0.9386222222222222, 0.9497333333333333, 0.9554666666666667, 0.9580888888888889, 0.9604444444444444, 0.9628222222222222, 0.9641333333333333, 0.9657333333333333, 0.9677777777777777, 0.9678, 0.9674222222222222, 0.9684666666666667, 0.9682222222222222, 0.9684222222222222, 0.9696666666666667, 0.9702666666666667, 0.9704888888888888, 0.9703555555555555, 0.9709777777777778, 0.9709111111111111, 0.9700444444444445, 0.9701777777777778, 0.9698888888888889, 0.9710888888888889, 0.9713333333333334, 0.9708888888888889, 0.9719777777777778, 0.9714444444444444, 0.9717333333333333, 0.9798, 0.9824222222222222, 0.9828888888888889, 0.982, 0.9827111111111111, 0.9849333333333333, 0.9843111111111111, 0.9854222222222222, 0.9841777777777778, 0.9846, 0.9845555555555555, 0.9846888888888888, 0.9845111111111111, 0.9858222222222223, 0.9852222222222222, 0.9855555555555555, 0.9860222222222222, 0.9860666666666666, 0.9860666666666666, 0.9850222222222222],