{
    "loss": 0.3204797063827515,
    "acc": 0.9168,
    "top5_acc": 0.9968,
    "time": 6.937546968460083,
    "avg_inference_time": 0.00917355923713008,
    "memory_usage": 845583360,
    "class_accuracy": {
        "3": 0.826,
        "8": 0.951,
        "0": 0.937,
        "6": 0.952,
        "1": 0.965,
        "9": 0.946,
        "5": 0.848,
        "7": 0.928,
        "4": 0.925,
        "2": 0.89
    }
}