{
    "loss": 0.6108322385787964,
    "acc": 0.7896,
    "top5_acc": 0.9884,
    "time": 5.110759496688843,
    "avg_inference_time": 0.0038178359405903876,
    "memory_usage": 157264896,
    "class_accuracy": {
        "3": 0.591,
        "8": 0.874,
        "0": 0.836,
        "6": 0.877,
        "1": 0.944,
        "9": 0.819,
        "5": 0.763,
        "7": 0.825,
        "4": 0.74,
        "2": 0.627
    }
}