{
    "loss": 0.9351039876937867,
    "acc": 0.678,
    "top5_acc": 0.966,
    "time": 4.33978009223938,
    "avg_inference_time": 0.004657084428811375,
    "memory_usage": 157264896,
    "class_accuracy": {
        "3": 0.538,
        "8": 0.863,
        "0": 0.759,
        "6": 0.78,
        "1": 0.813,
        "9": 0.812,
        "5": 0.555,
        "7": 0.549,
        "4": 0.549,
        "2": 0.562
    }
}