{
    "loss": 0.3872376319885254,
    "acc": 0.9029,
    "top5_acc": 0.9963,
    "time": 7.497986555099487,
    "avg_inference_time": 0.009587822081167487,
    "memory_usage": 845583360,
    "class_accuracy": {
        "3": 0.796,
        "8": 0.946,
        "0": 0.916,
        "6": 0.929,
        "1": 0.968,
        "9": 0.945,
        "5": 0.831,
        "7": 0.927,
        "4": 0.909,
        "2": 0.862
    }
}