{"train_loss": [1.6788767186906604, 1.2982160691791111, 1.1464891205469767, 1.0713713617536758, 1.0250066658231947, 0.9962772493786282, 0.9681908612145318, 0.9563174977196588, 0.9466259899987115, 0.9308843069924249, 0.9115920886993408, 0.9068946946673923, 0.8970685157987807, 0.8948986445320977, 0.8890909095340305, 0.886321528477139, 0.8863629388173421, 0.8744807608710395, 0.875455883831448, 0.8735845133039687, 0.8623563768598769, 0.8672475923644172, 0.8659816860304939, 0.8583503268983629, 0.8568487742529975, 0.8577973956531949, 0.8575510058508979, 0.854906404601203, 0.853174820666843, 0.8453094891124302, 0.7259035209655762, 0.6826257158279418, 0.6683277895185683, 0.661975125058492, 0.650068350982666, 0.6494692569838629, 0.6433209954155816, 0.6328816470887926, 0.6302962926652697, 0.62555566950904, 0.6207549318737454, 0.6208658002641466, 0.6228869692060682, 0.6115976117346021, 0.6123162922117446, 0.6090376279301114, 0.6048929553879632, 0.6001245026376513, 0.5969319563335842, 0.5911804000960456], "train_acc": [0.35104444444444444, 0.5256444444444445, 0.5919111111111112, 0.6202222222222222, 0.6409777777777778, 0.6497555555555555, 0.6639777777777778, 0.6674444444444444, 0.6713555555555556, 0.6796222222222222, 0.6870888888888889, 0.6887777777777778, 0.6923555555555555, 0.6935333333333333, 0.6959111111111111, 0.6995333333333333, 0.6994666666666667, 0.6998222222222222, 0.7024444444444444, 0.7038444444444445, 0.7075777777777777, 0.7047777777777777, 0.7066666666666667, 0.709, 0.7076666666666667, 0.7097777777777777, 0.7076888888888889, 0.7088444444444445, 0.7113333333333334, 0.7141111111111111, 0.7553555555555556, 0.7699333333333334, 0.7738, 0.7755777777777778, 0.7804222222222222, 0.7806, 0.7833333333333333, 0.7861777777777778, 0.7852444444444444, 0.7906222222222222, 0.7912666666666667, 0.7888666666666667, 0.7894222222222222, 0.7944444444444444, 0.7937555555555555, 0.7949777777777778, 0.7931111111111111, 0.7962888888888889, 0.7960666666666667, 0.7997333333333333], "train_top5_acc": [0.8754888888888889, 0.9393777777777778, 0.9537777777777777, 0.9600666666666666, 0.9643555555555555, 0.9660444444444445, 0.9679777777777778, 0.9683555555555555, 0.9686666666666667, 0.9695777777777778, 0.9706, 0.9717111111111111, 0.9711777777777778, 0.9716666666666667, 0.9724666666666667, 0.9718222222222223, 0.9727555555555556, 0.9723777777777778, 0.9724666666666667, 0.9718444444444444, 0.9727111111111111, 0.9731111111111111, 0.973, 0.9731777777777778, 0.9741555555555556, 0.9736, 0.9739777777777778, 0.9739555555555556, 0.9726444444444444, 0.9733555555555555, 0.9813333333333333, 0.9835555555555555, 0.9843333333333333, 0.9844222222222222, 0.9847777777777778, 0.9852666666666666, 0.9852444444444445, 0.9850888888888889, 0.9861777777777778, 0.9864888888888889, 0.9864888888888889, 0.9866222222222222, 0.9863333333333333, 0.9858444444444444, 0.9865333333333334, 0.9869555555555556, 0.9879111111111111, 0.9871111111111112, 0.9880222222222222, 0.9875555555555555], "val_loss": [1.5230605171203613, 1.3086396284103394, 1.1664193837165833, 1.1462521644592285, 1.1183477264404298, 1.2939983373641968, 1.097246648979187, 1.113689198112488, 1.039604247188568, 1.6168539892196656, 1.0546726313591004, 1.0430362799167634, 0.952548074913025, 1.174472671031952, 1.020240290927887, 0.905470258808136, 0.9564693858146668, 0.9570188229084015, 0.9354635040283203, 0.9141037214279175, 1.0029887432098388, 0.954923258972168, 1.0882430711746216, 1.0279078903198242, 1.6536837085723877, 0.9822638361930848, 0.9145204255580902, 1.1177838275909424, 1.0257737361431123, 1.158174354505539, 0.6819856182098388, 0.6631671526908874, 0.6521565930843354, 0.6466912415504456, 0.647602184510231, 0.6451939684152603, 0.6184271963119506, 0.6176089632034302, 0.6258033565282821, 0.6300804463148117, 0.6295096015691757, 0.6201919267177581, 0.6159835689067841, 0.6347332414031028, 0.6055627624988555, 0.6126838749170304, 0.6000205054402351, 0.6213003550052643, 0.5907845301151275, 0.6064837379932404], "val_acc": [0.4196, 0.5298, 0.5856, 0.5934, 0.6016, 0.5822, 0.6258, 0.6244, 0.6324, 0.5156, 0.6382, 0.6398, 0.665, 0.6084, 0.6446, 0.6774, 0.6648, 0.6674, 0.6746, 0.6848, 0.6612, 0.6684, 0.6248, 0.6492, 0.5386, 0.658, 0.6834, 0.6162, 0.6466, 0.6424, 0.7576, 0.767, 0.769, 0.7656, 0.771, 0.7692, 0.7778, 0.7828, 0.7754, 0.777, 0.7786, 0.7838, 0.786, 0.7762, 0.787, 0.7934, 0.7884, 0.777, 0.787, 0.7878], "val_top5_acc": [0.8972, 0.933, 0.9484, 0.9522, 0.963, 0.9364, 0.9564, 0.9558, 0.9594, 0.946, 0.9606, 0.9592, 0.969, 0.9516, 0.974, 0.9746, 0.9718, 0.969, 0.9708, 0.9706, 0.9526, 0.9712, 0.9488, 0.964, 0.8914, 0.9692, 0.9716, 0.954, 0.9632, 0.9548, 0.9876, 0.9866, 0.9874, 0.9862, 0.9872, 0.988, 0.9912, 0.9876, 0.9878, 0.9868, 0.9878, 0.9894, 0.9868, 0.9862, 0.9884, 0.9886, 0.9894, 0.9894, 0.9882, 0.9858], "learning_rate": [0.01, 0.01, 0.01, 0.01, 0.01, 0.01, 0.01, 0.01, 0.01, 0.01, 0.01, 0.01, 0.01, 0.01, 0.01, 0.01, 0.01, 0.01, 0.01, 0.01, 0.01, 0.01, 0.01, 0.01, 0.01, 0.01, 0.01, 0.01, 0.01, 0.001, 0.001, 0.001, 0.001, 0.001, 0.001, 0.001, 0.001, 0.001, 0.001, 0.001, 0.001, 0.001, 0.001, 0.001, 0.001, 0.001, 0.001, 0.001, 0.001, 0.001]}