{"train_loss": [1.697898127301534, 1.3597805522706774, 1.22620212987264, 1.1446659863789876, 1.102697640461392, 1.0531949929979112, 1.02532111553616, 1.0046668068355984, 0.992225238778856, 0.9849877113342285, 0.9680290859646268, 0.9627748878055149, 0.9519166408114963, 0.9500253137376573, 0.9385480741182963, 0.9368401883443197, 0.9365987193849352, 0.9243370319154528, 0.9194885593414307, 0.9185581724802653, 0.9144255711873372, 0.9155217958662245, 0.9121725998242696, 0.9122722898271348, 0.9155492227766249, 0.9112710821363661, 0.9129312718497382, 0.901893672381507, 0.8996905723147922, 0.9041552406628927], "train_acc": [0.34924444444444447, 0.5090222222222223, 0.5637111111111112, 0.5962666666666666, 0.6114, 0.6346666666666667, 0.6452, 0.6542222222222223, 0.6593555555555556, 0.6638444444444445, 0.6655777777777778, 0.6698444444444445, 0.6748444444444445, 0.6744, 0.6777777777777778, 0.6789555555555555, 0.6799777777777778, 0.6861777777777778, 0.6870888888888889, 0.6881333333333334, 0.6893111111111111, 0.6888444444444445, 0.6886888888888889, 0.6905333333333333, 0.6880888888888889, 0.6909333333333333, 0.6888888888888889, 0.6935333333333333, 0.6962222222222222, 0.6927111111111112], "train_top5_acc": [0.8712, 0.9329777777777778, 0.9478666666666666, 0.9536222222222223, 0.9579555555555556, 0.9611333333333333, 0.9626, 0.9636222222222223, 0.9654444444444444, 0.9647111111111111, 0.9672666666666667, 0.9670666666666666, 0.9666, 0.9670666666666666, 0.9685111111111111, 0.9681777777777778, 0.9675555555555555, 0.9692222222222222, 0.9690666666666666, 0.9689111111111111, 0.9689111111111111, 0.9698, 0.9694888888888888, 0.9697555555555556, 0.9690222222222222, 0.9702666666666667, 0.9697333333333333, 0.9710222222222222, 0.9692666666666667, 0.9703555555555555], "val_loss": [1.4811095125198364, 1.464985036277771, 1.9220152450561523, 1.228510328102112, 1.2670532726287842, 1.0940973575592041, 1.2893583815574645, 1.0852307111740112, 1.1850582701683043, 1.1127379883766175, 1.2167525129318237, 1.0919807914733888, 0.9933431909561157, 1.0925494136810303, 0.9462840565681457, 1.0419658746242524, 0.9624376790046691, 1.0902038853168488, 1.0098787175178527, 1.0800243640899658, 0.9947790274620056, 1.1192579942703247, 1.120332766723633, 1.121860581588745, 1.0688980312347411, 1.1276196164131165, 1.024592286491394, 0.9567627607345581, 0.9789023539543152, 1.112071541786194], "val_acc": [0.4588, 0.4774, 0.3668, 0.5576, 0.5552, 0.6036, 0.5644, 0.626, 0.5912, 0.602, 0.5932, 0.6048, 0.6498, 0.6262, 0.671, 0.6358, 0.6644, 0.6368, 0.6528, 0.6218, 0.6396, 0.6056, 0.6292, 0.6208, 0.6306, 0.6076, 0.6428, 0.6668, 0.6662, 0.6174], "val_top5_acc": [0.918, 0.9068, 0.8678, 0.9394, 0.9534, 0.9616, 0.9252, 0.9628, 0.9548, 0.9642, 0.9472, 0.962, 0.9656, 0.9598, 0.9644, 0.9686, 0.9656, 0.945, 0.961, 0.9604, 0.964, 0.955, 0.9628, 0.9452, 0.9608, 0.9528, 0.9582, 0.969, 0.9658, 0.9656], "learning_rate": [0.01, 0.01, 0.01, 0.01, 0.01, 0.01, 0.01, 0.01, 0.01, 0.01, 0.01, 0.01, 0.01, 0.01, 0.01, 0.01, 0.01, 0.01, 0.01, 0.01, 0.01, 0.01, 0.01, 0.01, 0.01, 0.01, 0.01, 0.01, 0.01, 0.001]}