{"train_loss": [1.6846180813259548, 1.3395941425323485, 1.198515586672889, 1.1353538283877902, 1.1013410594092474, 1.0642284109963311, 1.0454977975633408, 1.0298234181616042, 1.0104070104810927, 0.9902788829803467, 0.9841549544970194, 0.9697299844317966, 0.9571671568340725, 0.9621267685784234, 0.945964964750078, 0.9222172479099697, 0.9244221786816915, 0.9167784191449483, 0.9157745613733927, 0.9083495274543762, 0.9018089817259046, 0.9115786289532979, 0.8998336894777086, 0.9017244099722969, 0.9015409278233846, 0.8884237597889371, 0.8948808589935303, 0.8875729858822293, 0.8855837126413981, 0.88412973218494, 0.7486732515547011, 0.7090878383000692, 0.6955992922253079, 0.6851819296942817, 0.6778904784096612, 0.6662077773941888, 0.665311087597741, 0.6594495303577846, 0.6581444032033285, 0.6569827626334296, 0.6535099395434062, 0.6491894327799479, 0.6510865690284305, 0.6437075081931221, 0.6450374256557888, 0.6388758417341445, 0.6392489278422462, 0.6301905971315171, 0.6361564254760742, 0.6290507885191176], "train_acc": [0.3446222222222222, 0.5080222222222223, 0.5719555555555556, 0.5970222222222222, 0.6122222222222222, 0.6271111111111111, 0.6295555555555555, 0.6401555555555556, 0.6467333333333334, 0.6565333333333333, 0.6570222222222222, 0.6678666666666667, 0.6693333333333333, 0.6695111111111111, 0.6745111111111111, 0.6863777777777778, 0.6853777777777778, 0.6871777777777778, 0.6889555555555555, 0.6914444444444444, 0.6939333333333333, 0.6915333333333333, 0.6968, 0.6962666666666667, 0.6946, 0.6978888888888889, 0.6956, 0.6982666666666667, 0.6992666666666667, 0.7013111111111111, 0.7463555555555555, 0.7611777777777777, 0.7648666666666667, 0.7694666666666666, 0.7723777777777778, 0.7772, 0.7772, 0.7751777777777777, 0.7773333333333333, 0.7790444444444444, 0.7804222222222222, 0.7810888888888889, 0.7805555555555556, 0.7827555555555555, 0.7828888888888889, 0.7841777777777778, 0.7832666666666667, 0.7869777777777778, 0.7871333333333334, 0.7869555555555555], "train_top5_acc": [0.8793777777777778, 0.9386222222222222, 0.9497333333333333, 0.9554666666666667, 0.9580888888888889, 0.9604444444444444, 0.9628222222222222, 0.9641333333333333, 0.9657333333333333, 0.9677777777777777, 0.9678, 0.9674222222222222, 0.9684666666666667, 0.9682222222222222, 0.9684222222222222, 0.9696666666666667, 0.9702666666666667, 0.9704888888888888, 0.9703555555555555, 0.9709777777777778, 0.9709111111111111, 0.9700444444444445, 0.9701777777777778, 0.9698888888888889, 0.9710888888888889, 0.9713333333333334, 0.9708888888888889, 0.9719777777777778, 0.9714444444444444, 0.9717333333333333, 0.9798, 0.9824222222222222, 0.9828888888888889, 0.982, 0.9827111111111111, 0.9849333333333333, 0.9843111111111111, 0.9854222222222222, 0.9841777777777778, 0.9846, 0.9845555555555555, 0.9846888888888888, 0.9845111111111111, 0.9858222222222223, 0.9852222222222222, 0.9855555555555555, 0.9860222222222222, 0.9860666666666666, 0.9860666666666666, 0.9850222222222222], "val_loss": [1.5174584266662599, 1.7003693727493285, 1.2386883407592773, 1.3930622652053832, 1.208816300201416, 1.0964224229812622, 1.1780850856781007, 1.066403458404541, 1.1801250469207765, 1.004245987701416, 1.120325617980957, 1.137557670211792, 1.194104157924652, 1.0957984287261964, 0.9605391101837158, 1.228598038482666, 1.0441131763458251, 1.005230175113678, 0.9990199195861816, 0.9993901193618775, 0.972397608947754, 1.0431062730789185, 0.9370806548118591, 0.9248221611976624, 0.9034527409553528, 1.085073494720459, 0.9917663549423218, 0.9878783187866211, 1.0110858333587647, 0.9984240251541138, 0.6876191585063934, 0.6728938935279846, 0.6624883894443512, 0.6641062425613403, 0.6717286078929902, 0.6688980711460113, 0.6330528951644897, 0.6419353266716004, 0.6534932866096497, 0.6363465641498566, 0.6314978162765503, 0.6242211172103882, 0.646504111289978, 0.6428157772064209, 0.6404384787082672, 0.6302307405948638, 0.6203625432014466, 0.6284767169475556, 0.5989606519699097, 0.6131433197498322], "val_acc": [0.424, 0.454, 0.5576, 0.5098, 0.5592, 0.6064, 0.6024, 0.6128, 0.5952, 0.6466, 0.6132, 0.6, 0.5854, 0.6146, 0.6714, 0.587, 0.6468, 0.656, 0.6512, 0.6466, 0.6636, 0.6434, 0.6724, 0.6868, 0.6914, 0.6322, 0.6554, 0.6586, 0.6548, 0.6576, 0.7538, 0.7634, 0.762, 0.7718, 0.761, 0.7718, 0.7762, 0.7742, 0.768, 0.7744, 0.7774, 0.7744, 0.774, 0.7752, 0.7766, 0.7802, 0.7794, 0.7786, 0.7904, 0.7884], "val_top5_acc": [0.9086, 0.9084, 0.9318, 0.9244, 0.9572, 0.9608, 0.9608, 0.9636, 0.9372, 0.9708, 0.9544, 0.9584, 0.9562, 0.9672, 0.9652, 0.9452, 0.9656, 0.958, 0.9664, 0.9636, 0.9694, 0.953, 0.9718, 0.9654, 0.9654, 0.9482, 0.9662, 0.9612, 0.959, 0.9666, 0.9852, 0.9838, 0.9856, 0.9874, 0.9872, 0.9864, 0.9886, 0.986, 0.9872, 0.9878, 0.9868, 0.9892, 0.9854, 0.9896, 0.9848, 0.9862, 0.9864, 0.9876, 0.9888, 0.9856], "learning_rate": [0.01, 0.01, 0.01, 0.01, 0.01, 0.01, 0.01, 0.01, 0.01, 0.01, 0.01, 0.01, 0.01, 0.01, 0.01, 0.01, 0.01, 0.01, 0.01, 0.01, 0.01, 0.01, 0.01, 0.01, 0.01, 0.01, 0.01, 0.01, 0.01, 0.001, 0.001, 0.001, 0.001, 0.001, 0.001, 0.001, 0.001, 0.001, 0.001, 0.001, 0.001, 0.001, 0.001, 0.001, 0.001, 0.001, 0.001, 0.001, 0.001, 0.001]}