{
    "loss": 0.6167580389022828,
    "acc": 0.7879,
    "top5_acc": 0.9888,
    "time": 3.882779121398926,
    "avg_inference_time": 0.002942091302026676,
    "memory_usage": 157264896,
    "class_accuracy": {
        "3": 0.575,
        "8": 0.869,
        "0": 0.792,
        "6": 0.831,
        "1": 0.883,
        "9": 0.885,
        "5": 0.759,
        "7": 0.829,
        "4": 0.804,
        "2": 0.652
    }
}