{
    "loss": 0.3250687022268772,
    "acc": 0.9128,
    "top5_acc": 0.9973,
    "time": 5.2349700927734375,
    "avg_inference_time": 0.0061966467507277865,
    "memory_usage": 845583360,
    "class_accuracy": {
        "3": 0.799,
        "8": 0.951,
        "0": 0.933,
        "6": 0.945,
        "1": 0.964,
        "9": 0.932,
        "5": 0.879,
        "7": 0.929,
        "4": 0.916,
        "2": 0.88
    }
}